{
  "Andhra Pradesh": {
    "name_hi": "आंध्र प्रदेश",
    "districts": ["Anantapur", "Chittoor", "East Godavari", "Guntur", "Krishna", "Kurnool", "Prakasam", "Srikakulam", "Visakhapatnam", "Vizianagaram", "West Godavari", "YSR Kadapa", "Nellore"]
  },
  "Arunachal Pradesh": {
    "name_hi": "अरुणाचल प्रदेश",
    "districts": ["Tawang", "West Kameng", "East Kameng", "Papum Pare", "Kurung Kumey", "Kra Daadi", "Lower Subansiri", "Upper Subansiri", "West Siang", "East Siang", "Siang", "Upper Siang", "Lower Siang", "Lower Dibang Valley", "Dibang Valley", "Anjaw", "Lohit", "Namsai", "Changlang", "Tirap", "Longding"]
  },
  "Assam": {
    "name_hi": "असम",
    "districts": ["Baksa", "Barpeta", "Biswanath", "Bongaigaon", "Cachar", "Charaideo", "Chirang", "Darrang", "Dhemaji", "Dhubri", "Dibrugarh", "Dima Hasao", "Goalpara", "Golaghat", "Hailakandi", "Hojai", "Jorhat", "Kamrup Metropolitan", "Kamrup", "Karbi Anglong", "Karimganj", "Kokrajhar", "Lakhimpur", "Majuli", "Morigaon", "Nagaon", "Nalbari", "Sivasagar", "Sonitpur", "South Salmara-Mankachar", "Tinsukia", "Udalguri", "West Karbi Anglong"]
  },
  "Bihar": {
    "name_hi": "बिहार",
    "districts": ["Araria", "Arwal", "Aurangabad", "Banka", "Begusarai", "Bhagalpur", "Bhojpur", "Buxar", "Darbhanga", "East Champaran", "Gaya", "Gopalganj", "Jamui", "Jehanabad", "Kaimur", "Katihar", "Khagaria", "Kishanganj", "Lakhisarai", "Madhepura", "Madhubani", "Munger", "Muzaffarpur", "Nalanda", "Nawada", "Patna", "Purnia", "Rohtas", "Saharsa", "Samastipur", "Saran", "Sheikhpura", "Sheohar", "Sitamarhi", "Siwan", "Supaul", "Vaishali", "West Champaran"]
  },
  "Chhattisgarh": {
    "name_hi": "छत्तीसगढ़",
    "districts": ["Balod", "Baloda Bazar", "Balrampur", "Bastar", "Bemetara", "Bijapur", "Bilaspur", "Dantewada", "Dhamtari", "Durg", "Gariaband", "Janjgir-Champa", "Jashpur", "Kabirdham", "Kanker", "Kondagaon", "Korba", "Koriya", "Mahasamund", "Mungeli", "Narayanpur", "Raigarh", "Raipur", "Rajnandgaon", "Sukma", "Surajpur", "Surguja"]
  },
  "Goa": {
    "name_hi": "गोवा",
    "districts": ["North Goa", "South Goa"]
  },
  "Gujarat": {
    "name_hi": "गुजरात",
    "districts": ["Ahmedabad", "Amreli", "Anand", "Aravalli", "Banaskantha", "Bharuch", "Bhavnagar", "Botad", "Chhota Udaipur", "Dahod", "Dang", "Devbhoomi Dwarka", "Gandhinagar", "Gir Somnath", "Jamnagar", "Junagadh", "Kheda", "Kutch", "Mahisagar", "Mehsana", "Morbi", "Narmada", "Navsari", "Panchmahal", "Patan", "Porbandar", "Rajkot", "Sabarkantha", "Surat", "Surendranagar", "Tapi", "Vadodara", "Valsad"]
  },
  "Haryana": {
    "name_hi": "हरियाणा",
    "districts": [
      {"en": "Ambala", "hi": "अंबाला"},
      {"en": "Bhiwani", "hi": "भिवानी"},
      {"en": "Charkhi Dadri", "hi": "चरखी दादरी"},
      {"en": "Faridabad", "hi": "फरीदाबाद"},
      {"en": "Fatehabad", "hi": "फतेहाबाद"},
      {"en": "Gurugram", "hi": "गुरुग्राम"},
      {"en": "Hisar", "hi": "हिसार"},
      {"en": "Jhajjar", "hi": "झज्जर"},
      {"en": "Jind", "hi": "जींद"},
      {"en": "Kaithal", "hi": "कैथल"},
      {"en": "Karnal", "hi": "करनाल"},
      {"en": "Kurukshetra", "hi": "कुरुक्षेत्र"},
      {"en": "Mahendragarh", "hi": "महेंद्रगढ़"},
      {"en": "Nuh", "hi": "नूह"},
      {"en": "Palwal", "hi": "पलवल"},
      {"en": "Panchkula", "hi": "पंचकुला"},
      {"en": "Panipat", "hi": "पानीपत"},
      {"en": "Rewari", "hi": "रेवाड़ी"},
      {"en": "Rohtak", "hi": "रोहतक"},
      {"en": "Sirsa", "hi": "सिरसा"},
      {"en": "Sonipat", "hi": "सोनीपत"},
      {"en": "Yamunanagar", "hi": "यमुनानगर"}
    ]
  },
  "Himachal Pradesh": {
    "name_hi": "हिमाचल प्रदेश",
    "districts": ["Bilaspur", "Chamba", "Hamirpur", "Kangra", "Kinnaur", "Kullu", "Lahaul and Spiti", "Mandi", "Shimla", "Sirmaur", "Solan", "Una"]
  },
  "Jharkhand": {
    "name_hi": "झारखंड",
    "districts": ["Bokaro", "Chatra", "Deoghar", "Dhanbad", "Dumka", "East Singhbhum", "Garhwa", "Giridih", "Godda", "Gumla", "Hazaribagh", "Jamtara", "Khunti", "Koderma", "Latehar", "Lohardaga", "Pakur", "Palamu", "Ramgarh", "Ranchi", "Sahibganj", "Seraikela Kharsawan", "Simdega", "West Singhbhum"]
  },
  "Karnataka": {
    "name_hi": "कर्नाटक",
    "districts": ["Bagalkot", "Ballari", "Belagavi", "Bengaluru Rural", "Bengaluru Urban", "Bidar", "Chamarajanagar", "Chikkaballapur", "Chikkamagaluru", "Chitradurga", "Dakshina Kannada", "Davanagere", "Dharwad", "Gadag", "Hassan", "Haveri", "Kalaburagi", "Kodagu", "Kolar", "Koppal", "Mandya", "Mysuru", "Raichur", "Ramanagara", "Shivamogga", "Tumakuru", "Udupi", "Uttara Kannada", "Vijayapura", "Yadgir"]
  },
  "Kerala": {
    "name_hi": "केरल",
    "districts": ["Alappuzha", "Ernakulam", "Idukki", "Kannur", "Kasaragod", "Kollam", "Kottayam", "Kozhikode", "Malappuram", "Palakkad", "Pathanamthitta", "Thiruvananthapuram", "Thrissur", "Wayanad"]
  },
  "Madhya Pradesh": {
    "name_hi": "मध्य प्रदेश",
    "districts": ["Agar Malwa", "Alirajpur", "Anuppur", "Ashoknagar", "Balaghat", "Barwani", "Betul", "Bhind", "Bhopal", "Burhanpur", "Chhatarpur", "Chhindwara", "Damoh", "Datia", "Dewas", "Dhar", "Dindori", "Guna", "Gwalior", "Harda", "Hoshangabad", "Indore", "Jabalpur", "Jhabua", "Katni", "Khandwa", "Khargone", "Mandla", "Mandsaur", "Morena", "Narsinghpur", "Neemuch", "Panna", "Raisen", "Rajgarh", "Ratlam", "Rewa", "Sagar", "Satna", "Sehore", "Seoni", "Shahdol", "Shajapur", "Sheopur", "Shivpuri", "Sidhi", "Singrauli", "Tikamgarh", "Ujjain", "Umaria", "Vidisha"]
  },
  "Maharashtra": {
    "name_hi": "महाराष्ट्र",
    "districts": [
      {"en": "Ahmednagar", "hi": "अहमदनगर"},
      {"en": "Akola", "hi": "अकोला"},
      {"en": "Amravati", "hi": "अमरावती"},
      {"en": "Aurangabad", "hi": "औरंगाबाद"},
      {"en": "Beed", "hi": "बीड"},
      {"en": "Bhandara", "hi": "भंडारा"},
      {"en": "Buldhana", "hi": "बुलढाणा"},
      {"en": "Chandrapur", "hi": "चंद्रपुर"},
      {"en": "Dhule", "hi": "धुले"},
      {"en": "Gadchiroli", "hi": "गडचिरोली"},
      {"en": "Gondia", "hi": "गोंदिया"},
      {"en": "Hingoli", "hi": "हिंगोली"},
      {"en": "Jalgaon", "hi": "जळगाव"},
      {"en": "Jalna", "hi": "जालना"},
      {"en": "Kolhapur", "hi": "कोल्हापूर"},
      {"en": "Latur", "hi": "लातूर"},
      {"en": "Mumbai City", "hi": "मुंबई शहर"},
      {"en": "Mumbai Suburban", "hi": "मुंबई उपनगरीय"},
      {"en": "Nagpur", "hi": "नागपूर"},
      {"en": "Nanded", "hi": "नांदेड"},
      {"en": "Nandurbar", "hi": "नंदुरबार"},
      {"en": "Nashik", "hi": "नाशिक"},
      {"en": "Osmanabad", "hi": "उस्मानाबाद"},
      {"en": "Palghar", "hi": "पालघर"},
      {"en": "Parbhani", "hi": "परभणी"},
      {"en": "Pune", "hi": "पुणे"},
      {"en": "Raigad", "hi": "रायगड"},
      {"en": "Ratnagiri", "hi": "रत्नागिरी"},
      {"en": "Sangli", "hi": "सांगली"},
      {"en": "Satara", "hi": "सातारा"},
      {"en": "Sindhudurg", "hi": "सिंधुदुर्ग"},
      {"en": "Solapur", "hi": "सोलापूर"},
      {"en": "Thane", "hi": "ठाणे"},
      {"en": "Wardha", "hi": "वर्धा"},
      {"en": "Washim", "hi": "वाशिम"},
      {"en": "Yavatmal", "hi": "यवतमाळ"}
    ]
  },
  "Manipur": {
    "name_hi": "मणिपुर",
    "districts": ["Bishnupur", "Chandel", "Churachandpur", "Imphal East", "Imphal West", "Jiribam", "Kakching", "Kamjong", "Kangpokpi", "Noney", "Pherzawl", "Senapati", "Tamenglong", "Tengnoupal", "Thoubal", "Ukhrul"]
  },
  "Meghalaya": {
    "name_hi": "मेघालय",
    "districts": ["East Garo Hills", "East Jaintia Hills", "East Khasi Hills", "North Garo Hills", "Ri Bhoi", "South Garo Hills", "South West Garo Hills", "South West Khasi Hills", "West Garo Hills", "West Jaintia Hills", "West Khasi Hills"]
  },
  "Mizoram": {
    "name_hi": "मिजोरम",
    "districts": ["Aizawl", "Champhai", "Hnahthial", "Khawzawl", "Kolasib", "Lawngtlai", "Lunglei", "Mamit", "Saiha", "Saitual", "Serchhip"]
  },
  "Nagaland": {
    "name_hi": "नागालैंड",
    "districts": ["Dimapur", "Kiphire", "Kohima", "Longleng", "Mokokchung", "Mon", "Peren", "Phek", "Tuensang", "Wokha", "Zunheboto"]
  },
  "Odisha": {
    "name_hi": "ओडिशा",
    "districts": ["Angul", "Balangir", "Balasore", "Bargarh", "Bhadrak", "Boudh", "Cuttack", "Deogarh", "Dhenkanal", "Gajapati", "Ganjam", "Jagatsinghpur", "Jajpur", "Jharsuguda", "Kalahandi", "Kandhamal", "Kendrapara", "Kendujhar", "Khordha", "Koraput", "Malkangiri", "Mayurbhanj", "Nabarangpur", "Nayagarh", "Nuapada", "Puri", "Rayagada", "Sambalpur", "Sonepur", "Sundargarh"]
  },
  "Punjab": {
    "name_hi": "पंजाब",
    "districts": [
      {"en": "Amritsar", "hi": "अमृतसर"},
      {"en": "Barnala", "hi": "बरनाला"},
      {"en": "Bathinda", "hi": "बठिंडा"},
      {"en": "Faridkot", "hi": "फरीदकोट"},
      {"en": "Fatehgarh Sahib", "hi": "फतेहगढ़ साहिब"},
      {"en": "Fazilka", "hi": "फाजिल्का"},
      {"en": "Ferozepur", "hi": "फिरोजपुर"},
      {"en": "Gurdaspur", "hi": "गुरदासपुर"},
      {"en": "Hoshiarpur", "hi": "होशियारपुर"},
      {"en": "Jalandhar", "hi": "जालंधर"},
      {"en": "Kapurthala", "hi": "कपूरथला"},
      {"en": "Ludhiana", "hi": "लुधियाना"},
      {"en": "Mansa", "hi": "मानसा"},
      {"en": "Moga", "hi": "मोगा"},
      {"en": "Muktsar", "hi": "मुक्तसर"},
      {"en": "Pathankot", "hi": "पठानकोट"},
      {"en": "Patiala", "hi": "पटियाला"},
      {"en": "Rupnagar", "hi": "रूपनगर"},
      {"en": "Sahibzada Ajit Singh Nagar", "hi": "साहिबजादा अजीत सिंह नगर"},
      {"en": "Sangrur", "hi": "संगरूर"},
      {"en": "Shaheed Bhagat Singh Nagar", "hi": "शहीद भगत सिंह नगर"},
      {"en": "Tarn Taran", "hi": "तरनतारन"}
    ]
  },
  "Rajasthan": {
    "name_hi": "राजस्थान",
    "districts": ["Ajmer", "Alwar", "Banswara", "Baran", "Barmer", "Bharatpur", "Bhilwara", "Bikaner", "Bundi", "Chittorgarh", "Churu", "Dausa", "Dholpur", "Dungarpur", "Hanumangarh", "Jaipur", "Jaisalmer", "Jalore", "Jhalawar", "Jhunjhunu", "Jodhpur", "Karauli", "Kota", "Nagaur", "Pali", "Pratapgarh", "Rajsamand", "Sawai Madhopur", "Sikar", "Sirohi", "Sri Ganganagar", "Tonk", "Udaipur"]
  },
  "Sikkim": {
    "name_hi": "सिक्किम",
    "districts": ["East Sikkim", "North Sikkim", "South Sikkim", "West Sikkim"]
  },
  "Tamil Nadu": {
    "name_hi": "तमिलनाडु",
    "districts": ["Ariyalur", "Chengalpattu", "Chennai", "Coimbatore", "Cuddalore", "Dharmapuri", "Dindigul", "Erode", "Kallakurichi", "Kanchipuram", "Kanyakumari", "Karur", "Krishnagiri", "Madurai", "Mayiladuthurai", "Nagapattinam", "Namakkal", "Nilgiris", "Perambalur", "Pudukkottai", "Ramanathapuram", "Ranipet", "Salem", "Sivaganga", "Tenkasi", "Thanjavur", "Theni", "Thoothukudi", "Tiruchirappalli", "Tirunelveli", "Tirupathur", "Tiruppur", "Tiruvallur", "Tiruvannamalai", "Tiruvarur", "Vellore", "Viluppuram", "Virudhunagar"]
  },
  "Telangana": {
    "name_hi": "तेलंगाना",
    "districts": ["Adilabad", "Bhadradri Kothagudem", "Hyderabad", "Jagtial", "Jangaon", "Jayashankar Bhupalpally", "Jogulamba Gadwal", "Kamareddy", "Karimnagar", "Khammam", "Komaram Bheem", "Mahabubabad", "Mahabubnagar", "Mancherial", "Medak", "Medchal-Malkajgiri", "Mulugu", "Nagarkurnool", "Nalgonda", "Narayanpet", "Nirmal", "Nizamabad", "Peddapalli", "Rajanna Sircilla", "Ranga Reddy", "Sangareddy", "Siddipet", "Suryapet", "Vikarabad", "Wanaparthy", "Warangal Rural", "Warangal Urban", "Yadadri Bhuvanagiri"]
  },
  "Tripura": {
    "name_hi": "त्रिपुरा",
    "districts": ["Dhalai", "Gomati", "Khowai", "North Tripura", "Sepahijala", "South Tripura", "Unakoti", "West Tripura"]
  },
  "Uttar Pradesh": {
    "name_hi": "उत्तर प्रदेश",
    "districts": ["Agra", "Aligarh", "Prayagraj", "Ambedkar Nagar", "Amethi", "Amroha", "Auraiya", "Ayodhya", "Azamgarh", "Baghpat", "Bahraich", "Ballia", "Balrampur", "Banda", "Barabanki", "Bareilly", "Basti", "Bhadohi", "Bijnor", "Budaun", "Bulandshahr", "Chandauli", "Chitrakoot", "Deoria", "Etah", "Etawah", "Faizabad", "Farrukhabad", "Fatehpur", "Firozabad", "Gautam Buddha Nagar", "Ghaziabad", "Ghazipur", "Gonda", "Gorakhpur", "Hamirpur", "Hapur", "Hardoi", "Hathras", "Jalaun", "Jaunpur", "Jhansi", "Kannauj", "Kanpur Dehat", "Kanpur Nagar", "Kasganj", "Kaushambi", "Kheri", "Kushinagar", "Lalitpur", "Lucknow", "Maharajganj", "Mahoba", "Mainpuri", "Mathura", "Mau", "Meerut", "Mirzapur", "Moradabad", "Muzaffarnagar", "Pilibhit", "Pratapgarh", "Raebareli", "Rampur", "Saharanpur", "Sambhal", "Sant Kabir Nagar", "Shahjahanpur", "Shamli", "Shravasti", "Siddharthnagar", "Sitapur", "Sonbhadra", "Sultanpur", "Unnao", "Varanasi"]
  },
  "Uttarakhand": {
    "name_hi": "उत्तराखंड",
    "districts": ["Almora", "Bageshwar", "Chamoli", "Champawat", "Dehradun", "Haridwar", "Nainital", "Pauri Garhwal", "Pithoragarh", "Rudraprayag", "Tehri Garhwal", "Udham Singh Nagar", "Uttarkashi"]
  },
  "West Bengal": {
    "name_hi": "पश्चिम बंगाल",
    "districts": ["Alipurduar", "Bankura", "Birbhum", "Cooch Behar", "Dakshin Dinajpur", "Darjeeling", "Hooghly", "Howrah", "Jalpaiguri", "Jhargram", "Kalimpong", "Kolkata", "Malda", "Murshidabad", "Nadia", "North 24 Parganas", "Paschim Bardhaman", "Paschim Medinipur", "Purba Bardhaman", "Purba Medinipur", "Purulia", "South 24 Parganas", "Uttar Dinajpur"]
  },
  "Delhi": {
    "name_hi": "दिल्ली",
    "districts": ["Central Delhi", "East Delhi", "New Delhi", "North Delhi", "North East Delhi", "North West Delhi", "Shahdara", "South Delhi", "South East Delhi", "South West Delhi", "West Delhi"]
  },
  "Jammu and Kashmir": {
    "name_hi": "जम्मू और कश्मीर",
    "districts": ["Anantnag", "Bandipora", "Baramulla", "Budgam", "Doda", "Ganderbal", "Jammu", "Kathua", "Kishtwar", "Kulgam", "Kupwara", "Poonch", "Pulwama", "Rajouri", "Ramban", "Reasi", "Samba", "Shopian", "Srinagar", "Udhampur"]
  },
  "Ladakh": {
    "name_hi": "लद्दाख",
    "districts": ["Kargil", "Leh"]
  },
  "Puducherry": {
    "name_hi": "पुदुचेरी",
    "districts": ["Karaikal", "Mahe", "Puducherry", "Yanam"]
  },
  "Chandigarh": {
    "name_hi": "चंडीगढ़",
    "districts": ["Chandigarh"]
  },
  "Dadra and Nagar Haveli and Daman and Diu": {
    "name_hi": "दादरा और नगर हवेली और दमन और दीव",
    "districts": ["Dadra and Nagar Haveli", "Daman", "Diu"]
  },
  "Andaman and Nicobar Islands": {
    "name_hi": "अंडमान और निकोबार द्वीप समूह",
    "districts": ["Nicobar", "North and Middle Andaman", "South Andaman"]
  },
  "Lakshadweep": {
    "name_hi": "लक्षद्वीप",
    "districts": ["Lakshadweep"]
  }
}
